EEID,Full_Name,Job_Title,Department,Business_Unit,Gender,Ethnicity,Age,Annual_Salary,Bonus,Country,City
E02387,Emily Davis,Sr. Manger,IT,Research & Development,Female,Black,55,"$141,604 ",15%,United States,Seattle
E02572,Luna Sanders,Director,Finance,Speciality Products,Female,Caucasian,50,"$163,099 ",20%,United States,Chicago
E02832,Penelope Jordan,Computer Systems Manager,IT,Manufacturing,Female,Caucasian,26,"$84,913 ",7%,United States,Chicago
E01639,Austin Vo,Sr. Analyst,Finance,Manufacturing,Male,Asian,55,"$95,409 ",0%,United States,Phoenix
E01550,Ruby Barnes,Manager,IT,Corporate,Female,Caucasian,27,"$119,746 ",10%,United States,Phoenix
E04332,Luke Martin,Analyst,Finance,Manufacturing,Male,Black,25,"$41,336 ",0%,United States,Miami
E04533,Easton Bailey,Manager,Accounting,Manufacturing,Male,Caucasian,29,"$113,527 ",6%,United States,Austin
E03838,Madeline Walker,Sr. Analyst,Finance,Speciality Products,Female,Caucasian,34,"$77,203 ",0%,United States,Chicago
E00591,Savannah Ali,Sr. Manger,Human Resources,Manufacturing,Female,Asian,36,"$157,333 ",15%,United States,Miami
E03344,Camila Rogers,Controls Engineer,Engineering,Speciality Products,Female,Caucasian,27,"$109,851 ",0%,United States,Seattle
E00530,Eli Jones,Manager,Human Resources,Manufacturing,Male,Caucasian,59,"$105,086 ",9%,United States,Austin
E03496,Robert Yang,Sr. Analyst,Accounting,Speciality Products,Male,Asian,31,"$97,078 ",0%,United States,Austin
E00549,Isabella Xi,Vice President,Marketing,Research & Development,Female,Asian,41,"$249,270 ",30%,United States,Seattle
E00163,Bella Powell,Director,Finance,Research & Development,Female,Black,65,"$175,837 ",20%,United States,Phoenix
E00884,Camila Silva,Sr. Manger,Marketing,Speciality Products,Female,Latino,64,"$154,828 ",13%,United States,Seattle
E04116,David Barnes,Director,IT,Corporate,Male,Caucasian,64,"$186,503 ",24%,United States,Columbus
E04732,Eva Rivera,Director,Sales,Manufacturing,Female,Latino,36,"$151,703 ",21%,United States,Miami
E00671,Leonardo Dixon,Analyst,Sales,Speciality Products,Male,Caucasian,37,"$49,998 ",0%,United States,Seattle
E02206,Jose Henderson,Director,Human Resources,Speciality Products,Male,Black,41,"$152,239 ",23%,United States,Columbus
E00154,Wyatt Chin,Vice President,Engineering,Speciality Products,Male,Asian,43,"$246,231 ",31%,United States,Seattle
E02594,Ezekiel Kumar,IT Coordinator,IT,Research & Development,Male,Asian,28,"$54,775 ",0%,United States,Columbus
E01994,Angel Powell,Analyst II,Sales,Research & Development,Male,Caucasian,61,"$66,521 ",0%,United States,Seattle
E03247,Caroline Jenkins,Analyst,Finance,Research & Development,Female,Caucasian,27,"$49,011 ",0%,United States,Chicago
E02074,Nora Brown,Enterprise Architect,IT,Manufacturing,Female,Caucasian,32,"$99,575 ",0%,United States,Austin
E01628,Jackson Perry,Vice President,Marketing,Research & Development,Male,Caucasian,27,"$256,420 ",30%,United States,Phoenix
E04285,Riley Padilla,Technical Architect,IT,Manufacturing,Female,Latino,35,"$78,940 ",0%,United States,Miami
E03749,Kennedy Foster,Manager,Marketing,Speciality Products,Female,Caucasian,53,"$113,135 ",5%,United States,Austin
E03574,John Moore,Vice President,IT,Speciality Products,Male,Caucasian,52,"$199,808 ",32%,United States,Seattle
E00586,Sadie Washington,Sr. Manger,Marketing,Research & Development,Female,Caucasian,29,"$122,350 ",12%,United States,Phoenix
E03538,Gabriel Holmes,Enterprise Architect,IT,Research & Development,Male,Caucasian,40,"$92,952 ",0%,United States,Seattle
E02185,Wyatt Rojas,Computer Systems Manager,IT,Corporate,Male,Latino,32,"$79,921 ",5%,United States,Austin
E03830,Eva Coleman,Director,IT,Research & Development,Female,Black,37,"$167,199 ",20%,United States,Seattle
E03720,Dominic Clark,Quality Engineer,Engineering,Research & Development,Male,Caucasian,52,"$71,476 ",0%,United States,Phoenix
E03025,Lucy Alexander,Director,Engineering,Manufacturing,Female,Caucasian,45,"$189,420 ",20%,United States,Seattle
E04917,Everleigh Washington,HRIS Analyst,Human Resources,Research & Development,Female,Caucasian,64,"$64,057 ",0%,United States,Phoenix
E00415,Leilani Butler,Analyst II,Marketing,Manufacturing,Female,Black,27,"$68,728 ",0%,United States,Phoenix
E04207,John Contreras,Analyst II,Marketing,Manufacturing,Male,Latino,35,"$66,889 ",0%,United States,Columbus
E02139,Rylee Yu,Director,Accounting,Research & Development,Female,Asian,36,"$178,700 ",29%,United States,Seattle
E01797,Piper Lewis,Field Engineer,Engineering,Research & Development,Female,Caucasian,33,"$83,990 ",0%,United States,Chicago
E01839,Stella Alexander,Automation Engineer,Engineering,Corporate,Female,Caucasian,52,"$102,043 ",0%,United States,Chicago
E01633,Addison Do,Operations Engineer,Engineering,Manufacturing,Female,Asian,46,"$90,678 ",0%,United States,Columbus
E01848,Zoey Jackson,Business Partner,Human Resources,Manufacturing,Female,Black,46,"$59,067 ",0%,United States,Miami
E04000,Skylar Carrillo,Engineering Manager,Engineering,Corporate,Female,Latino,44,"$92,753 ",13%,United States,Austin
E02112,Christian Sanders,Vice President,Human Resources,Speciality Products,Male,Black,45,"$236,946 ",37%,United States,Seattle
E03824,Penelope Coleman,Analyst,Finance,Corporate,Female,Black,36,"$48,906 ",0%,United States,Miami
E03906,Piper Richardson,Sr. Analyst,Sales,Corporate,Female,Caucasian,38,"$80,024 ",0%,United States,Columbus
E00436,Everly Walker,HRIS Analyst,Human Resources,Speciality Products,Female,Caucasian,41,"$54,415 ",0%,United States,Seattle
E04798,Aurora Ali,Manager,Marketing,Research & Development,Female,Asian,30,"$120,341 ",7%,United States,Seattle
E01249,Penelope Guerrero,Vice President,IT,Speciality Products,Female,Latino,43,"$208,415 ",35%,United States,Seattle
E03349,Anna Mehta,Cloud Infrastructure Architect,IT,Speciality Products,Female,Asian,32,"$78,844 ",0%,United States,Seattle
E02966,William Foster,Field Engineer,Engineering,Manufacturing,Male,Caucasian,58,"$76,354 ",0%,United States,Phoenix
E01499,Jade Rojas,Director,Finance,Speciality Products,Female,Latino,37,"$165,927 ",20%,United States,Phoenix
E00665,David Chu,Controls Engineer,Engineering,Corporate,Male,Asian,55,"$86,299 ",0%,United States,Seattle
E00254,Samuel Morales,Analyst II,Finance,Corporate,Male,Latino,34,"$57,008 ",0%,United States,Phoenix
E02166,John Soto,Sr. Manger,Finance,Manufacturing,Male,Latino,60,"$141,899 ",15%,United States,Phoenix
E00935,Joseph Martin,Analyst II,Marketing,Corporate,Male,Black,41,"$64,847 ",0%,United States,Miami
E01525,Jose Ross,Engineering Manager,Engineering,Research & Development,Male,Caucasian,53,"$116,878 ",11%,United States,Miami
E00386,Parker James,Quality Engineer,Engineering,Speciality Products,Male,Black,45,"$70,505 ",0%,United States,Austin
E03383,Lincoln Hall,Director,Accounting,Speciality Products,Male,Caucasian,26,"$180,664 ",27%,United States,Chicago
E01258,Gabriel Brooks,Network Engineer,IT,Manufacturing,Male,Caucasian,29,"$84,596 ",0%,United States,Miami
E04562,Xavier Zheng,Account Representative,Sales,Manufacturing,Male,Asian,31,"$55,854 ",0%,United States,Austin
E02802,Matthew Chau,Sr. Business Partner,Human Resources,Research & Development,Male,Asian,53,"$95,998 ",0%,United States,Seattle
E01427,Mia Cheng,Sr. Manger,Sales,Manufacturing,Female,Asian,34,"$154,941 ",13%,United States,Phoenix
E03890,Nevaeh Jones,Vice President,Sales,Manufacturing,Female,Caucasian,31,"$219,693 ",30%,United States,Austin
E01194,Samantha Adams,Test Engineer,Engineering,Research & Development,Female,Caucasian,45,"$61,773 ",0%,United States,Seattle
E02875,Madeline Shin,Computer Systems Manager,IT,Speciality Products,Female,Asian,48,"$74,546 ",9%,United States,Seattle
E04959,Noah King,Development Engineer,Engineering,Speciality Products,Male,Black,56,"$62,575 ",0%,United States,Miami
E01261,Connor Simmons,Analyst II,Accounting,Speciality Products,Male,Caucasian,55,"$52,310 ",0%,United States,Miami
E03612,Grayson Cooper,Sr. Manger,Finance,Speciality Products,Male,Black,64,"$159,571 ",10%,United States,Columbus
E01388,Ivy Soto,Field Engineer,Engineering,Research & Development,Female,Latino,50,"$91,763 ",0%,United States,Austin
E03875,Aurora Simmons,Development Engineer,Engineering,Corporate,Female,Caucasian,51,"$96,475 ",0%,United States,Austin
E04413,Andrew Thomas,Controls Engineer,Engineering,Manufacturing,Male,Caucasian,36,"$113,781 ",0%,United States,Columbus
E00691,Ezekiel Desai,Director,Finance,Research & Development,Male,Asian,42,"$166,599 ",26%,United States,Seattle
E04735,Nova Coleman,System Administrator,IT,Manufacturing,Female,Caucasian,44,"$74,738 ",0%,United States,Miami
E02850,Evelyn Dinh,Director,Sales,Research & Development,Female,Asian,41,"$171,173 ",21%,United States,Columbus
E03583,Brooks Marquez,Vice President,Sales,Corporate,Male,Latino,61,"$201,464 ",37%,United States,Chicago
E02017,Connor Joseph,Director,Human Resources,Corporate,Male,Caucasian,50,"$174,895 ",15%,United States,Chicago
E01642,Mia Lam,Sr. Manger,IT,Manufacturing,Female,Asian,49,"$134,486 ",14%,United States,Austin
E04131,Cora Rivera,Sr. Analyst,Marketing,Corporate,Female,Latino,42,"$94,430 ",0%,United States,Seattle
E02331,Sophia Huynh,Enterprise Architect,IT,Manufacturing,Female,Asian,55,"$92,771 ",0%,United States,Miami
E00417,Athena Carrillo,Analyst II,Finance,Speciality Products,Female,Latino,39,"$71,531 ",0%,United States,Columbus
E04267,Greyson Sanders,Cloud Infrastructure Architect,IT,Speciality Products,Male,Black,28,"$90,304 ",0%,United States,Chicago
E03061,Vivian Lewis,Manager,Marketing,Manufacturing,Female,Caucasian,65,"$104,903 ",10%,United States,Columbus
E04265,Natalia Diaz,Operations Engineer,Engineering,Corporate,Female,Latino,62,"$79,785 ",0%,United States,Austin
E03042,Ava Nelson,Systems Analyst,IT,Manufacturing,Female,Caucasian,63,"$53,809 ",0%,United States,Phoenix
E03131,Ezekiel Reed,Sr. Manger,IT,Manufacturing,Male,Caucasian,37,"$128,984 ",12%,United States,Miami
E00128,Everleigh Espinoza,Director,Human Resources,Manufacturing,Female,Latino,54,"$176,294 ",28%,United States,Austin
E00306,Mateo Williams,Enterprise Architect,IT,Manufacturing,Male,Caucasian,40,"$97,339 ",0%,United States,Austin
E00170,Hannah Nelson,Sr. Analyst,Marketing,Speciality Products,Female,Caucasian,35,"$70,992 ",0%,United States,Austin
E01425,Anthony Rogers,Vice President,Engineering,Corporate,Male,Caucasian,33,"$205,314 ",30%,United States,Columbus
E03567,Silas Chavez,Technical Architect,IT,Research & Development,Male,Latino,51,"$86,431 ",0%,United States,Columbus
E00957,Genesis Perry,Sr. Manger,Sales,Corporate,Female,Caucasian,46,"$149,712 ",14%,United States,Columbus
E04458,Alexander Bryant,Field Engineer,Engineering,Speciality Products,Male,Caucasian,30,"$88,758 ",0%,United States,Seattle
E00521,Lily Carter,Network Architect,IT,Research & Development,Female,Caucasian,54,"$68,268 ",0%,United States,Phoenix
E01533,Avery Bailey,Sr. Analyst,Sales,Speciality Products,Female,Caucasian,49,"$86,658 ",0%,United States,Phoenix
E02855,Piper Cheng,Enterprise Architect,IT,Manufacturing,Female,Asian,62,"$82,839 ",0%,United States,Miami
E00816,Skylar Watson,Network Architect,IT,Speciality Products,Female,Caucasian,28,"$64,475 ",0%,United States,Phoenix
E04888,Elijah Henry,Manager,IT,Corporate,Male,Caucasian,32,"$127,148 ",10%,United States,Miami
E03907,Camila Watson,Vice President,Finance,Speciality Products,Female,Caucasian,32,"$190,253 ",33%,United States,Austin
E02166,Lucas Thomas,Manager,Accounting,Research & Development,Male,Caucasian,55,"$115,798 ",5%,United States,Miami
E00431,Skylar Doan,Sr. Business Partner,Human Resources,Research & Development,Female,Asian,58,"$93,102 ",0%,United States,Seattle
E01501,Hudson Liu,Engineering Manager,Engineering,Speciality Products,Male,Asian,34,"$110,054 ",15%,United States,Miami
E01141,Gianna Williams,Quality Engineer,Engineering,Research & Development,Female,Black,27,"$95,786 ",0%,United States,Chicago
E02942,Daniel Richardson,Director,Engineering,Speciality Products,Male,Caucasian,30,"$184,368 ",29%,United States,Austin
E04130,Elias Figueroa,Sr. Manger,Finance,Corporate,Male,Latino,45,"$144,754 ",15%,United States,Phoenix
E02848,Emma Brooks,Sr. Account Representative,Sales,Research & Development,Female,Caucasian,30,"$89,458 ",0%,United States,Austin
E00085,Isla Wong,Vice President,Accounting,Corporate,Female,Asian,56,"$190,815 ",40%,United States,Austin
E03956,Everly Walker,Sr. Manger,Sales,Research & Development,Female,Caucasian,62,"$137,995 ",14%,United States,Austin
E03506,Jaxson Mai,Vice President,Human Resources,Research & Development,Male,Asian,48,"$197,367 ",39%,United States,Austin
E00568,Ava Garza,Director,Accounting,Manufacturing,Female,Latino,27,"$174,097 ",21%,United States,Phoenix
E00535,Nathan Mendez,Manager,IT,Speciality Products,Male,Latino,53,"$120,128 ",10%,United States,Austin
E04630,Maria Griffin,Manager,Marketing,Manufacturing,Female,Caucasian,59,"$129,708 ",5%,United States,Miami
E00874,Alexander Choi,Manager,Marketing,Research & Development,Male,Asian,55,"$102,270 ",10%,United States,Chicago
E00941,Sophie Ali,Analyst,Finance,Manufacturing,Female,Asian,55,"$50,475 ",0%,United States,Columbus
E03446,Julian Ross,Manager,Marketing,Research & Development,Male,Caucasian,51,"$100,099 ",8%,United States,Miami
E01361,Emma Hill,IT Coordinator,IT,Manufacturing,Female,Caucasian,54,"$41,673 ",0%,United States,Miami
E03719,Jack Brown,Analyst,Marketing,Corporate,Male,Caucasian,55,"$40,752 ",0%,United States,Phoenix
E02489,Ethan Clark,Sr. Business Partner,Human Resources,Manufacturing,Male,Caucasian,33,"$92,610 ",0%,United States,Columbus
E03189,Asher Jackson,Sr. Manger,Sales,Speciality Products,Male,Caucasian,50,"$123,405 ",13%,United States,Columbus
E02791,Aubrey Romero,Director,Sales,Corporate,Female,Latino,49,"$160,832 ",30%,United States,Phoenix
E02333,Jaxson Wright,Service Desk Analyst,IT,Manufacturing,Male,Black,54,"$64,417 ",0%,United States,Columbus
E00233,Brooklyn Reyes,Service Desk Analyst,IT,Manufacturing,Female,Latino,36,"$91,954 ",0%,United States,Columbus
E02639,Hadley Parker,Vice President,Marketing,Corporate,Female,Black,30,"$221,217 ",32%,United States,Columbus
E00697,Jonathan Chavez,System Administrator,IT,Manufacturing,Male,Latino,29,"$87,536 ",0%,United States,Seattle
E02183,Sarah Ayala,Analyst,Sales,Corporate,Female,Latino,47,"$41,429 ",0%,United States,Seattle
E00715,Elijah Kang,Vice President,Engineering,Manufacturing,Male,Asian,35,"$245,482 ",39%,United States,Seattle
E04288,Ella White,Development Engineer,Engineering,Manufacturing,Female,Caucasian,25,"$71,359 ",0%,United States,Phoenix
E02421,Jordan Truong,Director,Engineering,Speciality Products,Male,Asian,45,"$183,161 ",22%,United States,Miami
E00523,Daniel Jordan,Network Administrator,IT,Corporate,Male,Caucasian,58,"$69,260 ",0%,United States,Phoenix
E03615,Daniel Dixon,Operations Engineer,Engineering,Speciality Products,Male,Caucasian,51,"$95,639 ",0%,United States,Austin
E02121,Levi Brown,Sr. Analyst,Sales,Corporate,Male,Black,36,"$75,119 ",0%,United States,Chicago
E01486,Mason Cho,Vice President,Accounting,Research & Development,Male,Asian,59,"$192,213 ",40%,United States,Chicago
E03027,Elijah Watson,Sr. Manger,Sales,Manufacturing,Male,Caucasian,29,"$151,413 ",15%,United States,Seattle
E03689,Wesley Gray,Sr. Analyst,Accounting,Speciality Products,Male,Caucasian,62,"$76,906 ",0%,United States,Seattle
E01286,Mateo Mendez,Development Engineer,Engineering,Research & Development,Male,Latino,47,"$99,091 ",0%,United States,Austin
E00626,Luna Simmons,Sr. Analyst,Finance,Corporate,Female,Caucasian,28,"$95,045 ",0%,United States,Chicago
E04342,Samantha Barnes,Vice President,Marketing,Speciality Products,Female,Caucasian,29,"$190,401 ",37%,United States,Columbus
E01291,Thomas Aguilar,Sr. Account Representative,Sales,Speciality Products,Male,Latino,45,"$79,882 ",0%,United States,Phoenix
E00917,Skylar Bell,Vice President,Engineering,Manufacturing,Female,Caucasian,30,"$255,431 ",36%,United States,Columbus
E03864,Ella Hunter,Analyst,Finance,Manufacturing,Female,Caucasian,51,"$53,799 ",0%,United States,Columbus
E00488,Emery Hunter,Sr. Analyst,Sales,Corporate,Female,Caucasian,28,"$82,739 ",0%,United States,Phoenix
E02227,Sofia Parker,Cloud Infrastructure Architect,IT,Manufacturing,Female,Caucasian,36,"$99,080 ",0%,United States,Chicago
E01970,Vivian Barnes,Director,Human Resources,Research & Development,Female,Caucasian,51,"$180,687 ",19%,United States,Phoenix
E02813,Kai Chow,Engineering Manager,Engineering,Corporate,Male,Asian,45,"$95,743 ",15%,United States,Austin
E02031,Melody Cooper,Development Engineer,Engineering,Research & Development,Female,Caucasian,44,"$89,695 ",0%,United States,Austin
E04871,Liam Grant,Sr. Business Partner,Human Resources,Research & Development,Male,Caucasian,30,"$93,734 ",0%,United States,Phoenix
E01070,Leonardo Martin,Manager,Finance,Speciality Products,Male,Black,51,"$125,375 ",9%,United States,Chicago
E04359,Greyson Lam,Vice President,Accounting,Manufacturing,Male,Asian,25,"$198,243 ",31%,United States,Miami
E03268,Emilia Rivera,Test Engineer,Engineering,Research & Development,Female,Latino,42,"$96,023 ",0%,United States,Miami
E04035,Penelope Johnson,Sr. Analyst,Marketing,Research & Development,Female,Caucasian,34,"$83,066 ",0%,United States,Chicago
E01221,Eva Figueroa,Analyst II,Sales,Research & Development,Female,Latino,48,"$61,216 ",0%,United States,Seattle
E00276,Ezekiel Jordan,Sr. Manger,Accounting,Corporate,Male,Caucasian,33,"$144,231 ",14%,United States,Columbus
E01263,Adam Espinoza,Test Engineer,Engineering,Manufacturing,Male,Latino,36,"$60,055 ",0%,United States,Seattle
E03935,Cora Jiang,Vice President,IT,Corporate,Female,Asian,53,"$182,202 ",30%,United States,Austin
E00742,Cooper Mitchell,Manager,Sales,Speciality Products,Male,Caucasian,43,"$117,518 ",7%,United States,Seattle
E01860,Jack Edwards,Manager,Marketing,Manufacturing,Male,Caucasian,38,"$126,856 ",6%,United States,Columbus
E02285,Aria Xi,Director,Sales,Research & Development,Female,Asian,45,"$165,181 ",16%,United States,Seattle
E01921,Sarah Daniels,Sr. Manger,Accounting,Manufacturing,Female,Caucasian,55,"$138,521 ",10%,United States,Miami
E00813,Autumn Joseph,Enterprise Architect,IT,Corporate,Female,Black,39,"$73,317 ",0%,United States,Miami
E00870,Evelyn Liang,Service Desk Analyst,IT,Speciality Products,Female,Asian,40,"$69,096 ",0%,United States,Seattle
E00245,Benjamin Delgado,Test Engineer,Engineering,Corporate,Male,Latino,64,"$70,778 ",0%,United States,Austin
E00976,Zoe Rodriguez,Director,Human Resources,Speciality Products,Female,Latino,65,"$153,938 ",20%,United States,Phoenix
E01807,Cameron Evans,Test Engineer,Engineering,Corporate,Male,Caucasian,50,"$63,098 ",0%,United States,Columbus
E01412,Eva Jenkins,Sr. Manger,Human Resources,Manufacturing,Female,Black,55,"$142,318 ",14%,United States,Chicago
E04386,Cameron Powell,Business Partner,Human Resources,Manufacturing,Male,Black,41,"$49,186 ",0%,United States,Austin
E01232,Samantha Foster,Vice President,Human Resources,Research & Development,Female,Black,34,"$220,937 ",38%,United States,Austin
E04572,Jade Li,Director,IT,Speciality Products,Female,Asian,47,"$183,156 ",30%,United States,Seattle
E02747,Kinsley Acosta,Vice President,IT,Speciality Products,Female,Latino,32,"$192,749 ",31%,United States,Chicago
E01064,Clara Kang,Sr. Manger,IT,Manufacturing,Female,Asian,39,"$135,325 ",14%,United States,Phoenix
E00178,Harper Alexander,Sr. Analyst,Sales,Speciality Products,Female,Caucasian,26,"$79,356 ",0%,United States,Phoenix
E01091,Carter Reed,Development Engineer,Engineering,Manufacturing,Male,Black,40,"$74,412 ",0%,United States,Seattle
E01309,Everleigh Jiang,Director,Accounting,Research & Development,Female,Asian,58,"$173,071 ",29%,United States,Columbus
E02378,Audrey Smith,Field Engineer,Engineering,Research & Development,Female,Caucasian,58,"$70,189 ",0%,United States,Columbus
E04127,Emery Acosta,Vice President,Sales,Research & Development,Female,Latino,42,"$181,452 ",30%,United States,Columbus
E02072,Charles Robinson,HRIS Analyst,Human Resources,Speciality Products,Male,Caucasian,26,"$70,369 ",0%,United States,Seattle
E00187,Miles Mehta,Director,Finance,Research & Development,Male,Asian,64,"$189,933 ",23%,United States,Miami
E04332,Ezra Simmons,Automation Engineer,Engineering,Speciality Products,Male,Caucasian,38,"$78,237 ",0%,United States,Phoenix
E00273,David Owens,Sr. Analyst,Sales,Corporate,Male,Black,43,"$94,246 ",0%,United States,Austin
E00691,Avery Yee,Systems Analyst,IT,Manufacturing,Female,Asian,34,"$44,614 ",0%,United States,Miami
E00825,Anna Molina,Sr. Analyst,Accounting,Corporate,Female,Latino,41,"$70,165 ",0%,United States,Columbus
E04972,Logan Bryant,Sr. Manger,Marketing,Speciality Products,Male,Caucasian,30,"$148,485 ",15%,United States,Miami
E03941,Isla Han,Technical Architect,IT,Manufacturing,Female,Asian,58,"$86,089 ",0%,United States,Chicago
E02148,Christopher Vega,Engineering Manager,Engineering,Research & Development,Male,Latino,54,"$106,313 ",15%,United States,Chicago
E04477,Connor Grant,Sr. Analyst,Accounting,Speciality Products,Male,Caucasian,27,"$74,077 ",0%,United States,Seattle
E04348,Natalia Owens,Manager,Human Resources,Manufacturing,Female,Caucasian,31,"$104,162 ",7%,United States,Austin
E04222,Quinn Xiong,Test Engineer,Engineering,Research & Development,Female,Asian,55,"$73,248 ",0%,United States,Columbus
E04126,Dominic Baker,Sr. Analyst,Accounting,Manufacturing,Male,Black,51,"$91,853 ",0%,United States,Chicago
E01896,Adam Nelson,Director,Finance,Speciality Products,Male,Caucasian,25,"$168,014 ",27%,United States,Chicago
E03018,Autumn Reed,Development Engineer,Engineering,Corporate,Female,Caucasian,37,"$70,770 ",0%,United States,Miami
E03325,Robert Edwards,HRIS Analyst,Human Resources,Corporate,Male,Caucasian,62,"$50,825 ",0%,United States,Seattle
E01902,Eleanor Li,Sr. Manger,Human Resources,Research & Development,Female,Asian,64,"$125,807 ",15%,United States,Chicago
E01466,Connor Vang,Analyst,Sales,Speciality Products,Male,Asian,25,"$46,845 ",0%,United States,Miami
E03474,Violet Hall,Solutions Architect,IT,Corporate,Female,Caucasian,40,"$97,807 ",0%,United States,Chicago
E02744,Dylan Padilla,HRIS Analyst,Human Resources,Manufacturing,Male,Latino,31,"$73,854 ",0%,United States,Seattle
E00702,Nathan Pham,Sr. Manger,Accounting,Manufacturing,Male,Asian,45,"$149,537 ",14%,United States,Seattle
E03081,Ayla Brown,Sr. Manger,Sales,Manufacturing,Female,Caucasian,49,"$128,303 ",15%,United States,Phoenix
E01281,Isaac Mitchell,Network Architect,IT,Speciality Products,Male,Black,46,"$67,374 ",0%,United States,Austin
E01753,Connor Fong,Manager,Accounting,Speciality Products,Male,Asian,40,"$120,905 ",5%,United States,Seattle
E04072,Emery Mitchell,Vice President,Finance,Manufacturing,Female,Caucasian,48,"$231,567 ",36%,United States,Seattle
E00672,Landon Luu,Vice President,IT,Research & Development,Male,Asian,31,"$215,388 ",33%,United States,Miami
E04419,Sophia Ahmed,Sr. Manger,Sales,Speciality Products,Female,Asian,30,"$127,972 ",11%,United States,Seattle
E00467,Sofia Dinh,Operations Engineer,Engineering,Corporate,Female,Asian,55,"$80,701 ",0%,United States,Chicago
E00306,Piper Patterson,Quality Engineer,Engineering,Corporate,Female,Caucasian,45,"$88,045 ",0%,United States,Chicago
E03292,Cora Evans,Computer Systems Manager,IT,Speciality Products,Female,Black,45,"$86,478 ",6%,United States,Austin
E04779,Cameron Young,Vice President,Engineering,Manufacturing,Male,Caucasian,63,"$180,994 ",39%,United States,Seattle
E00501,Melody Ho,Analyst II,Finance,Research & Development,Female,Asian,55,"$64,494 ",0%,United States,Columbus
E01132,Aiden Bryant,Account Representative,Sales,Manufacturing,Male,Black,47,"$70,122 ",0%,United States,Columbus
E00556,Grayson Walker,Director,Accounting,Manufacturing,Male,Caucasian,29,"$181,854 ",29%,United States,Seattle
E00311,Scarlett Figueroa,Business Partner,Human Resources,Speciality Products,Female,Latino,34,"$52,811 ",0%,United States,Miami
E04378,Ezra Simmons,Network Administrator,IT,Manufacturing,Male,Black,31,"$71,192 ",0%,United States,Austin
E03251,Ruby Medina,Director,Sales,Manufacturing,Female,Latino,50,"$155,351 ",20%,United States,Seattle
E03908,Miles Evans,Network Architect,IT,Manufacturing,Male,Caucasian,54,"$87,216 ",0%,United States,Miami
E01351,Leo Owens,Systems Analyst,IT,Corporate,Male,Caucasian,47,"$50,069 ",0%,United States,Seattle
E02681,Caroline Owens,Director,IT,Speciality Products,Female,Caucasian,26,"$151,108 ",22%,United States,Phoenix
E03807,Kennedy Do,Computer Systems Manager,IT,Manufacturing,Female,Asian,42,"$67,398 ",7%,United States,Phoenix
E00422,Jade Acosta,Development Engineer,Engineering,Research & Development,Female,Latino,47,"$68,488 ",0%,United States,Seattle
E00265,Mila Vasquez,Quality Engineer,Engineering,Manufacturing,Female,Latino,60,"$92,932 ",0%,United States,Columbus
E04601,Allison Ayala,Analyst,Finance,Corporate,Female,Latino,36,"$43,363 ",0%,United States,Austin
E02914,Maria Wilson,Vice President,Engineering,Research & Development,Female,Caucasian,51,"$200,246 ",34%,United States,Columbus
E03268,Everly Coleman,Vice President,IT,Corporate,Female,Caucasian,48,"$194,871 ",35%,United States,Columbus
E04290,Hannah Gomez,Technical Architect,IT,Manufacturing,Female,Latino,25,"$83,934 ",0%,United States,Miami
E03630,Jacob Davis,Director,Accounting,Research & Development,Male,Caucasian,36,"$150,399 ",28%,United States,Chicago
E03045,Andrew Huynh,Business Partner,Human Resources,Speciality Products,Male,Asian,57,"$54,051 ",0%,United States,Miami
E04877,Samuel Vega,Analyst II,Marketing,Speciality Products,Male,Latino,37,"$69,570 ",0%,United States,Miami
E04590,Isaac Sanders,HRIS Analyst,Human Resources,Manufacturing,Male,Caucasian,49,"$57,606 ",0%,United States,Miami
E01378,Genesis Xiong,System Administrator,IT,Research & Development,Female,Asian,51,"$64,170 ",0%,United States,Columbus
E04224,Lucas Ramos,Sr. Business Partner,Human Resources,Speciality Products,Male,Latino,56,"$72,303 ",0%,United States,Phoenix
E03423,Santiago f Gonzalez,Manager,Sales,Research & Development,Male,Latino,36,"$105,891 ",7%,United States,Seattle
E01584,Henry Zhu,Vice President,Marketing,Speciality Products,Male,Asian,38,"$255,230 ",36%,United States,Austin
E00834,Vivian Guzman,Analyst II,Finance,Speciality Products,Female,Latino,53,"$58,605 ",0%,United States,Phoenix
E04571,Hadley Contreras,Director,Engineering,Corporate,Female,Latino,60,"$178,502 ",20%,United States,Austin
E00399,Connor Walker,Analyst II,Finance,Manufacturing,Male,Caucasian,30,"$54,714 ",0%,United States,Columbus
E00836,Addison Roberts,Network Architect,IT,Manufacturing,Female,Caucasian,65,"$60,985 ",0%,United States,Seattle
E00360,Dylan Thao,Director,Engineering,Manufacturing,Male,Asian,53,"$168,510 ",29%,United States,Seattle
E02861,Daniel Perry,Enterprise Architect,IT,Research & Development,Male,Caucasian,62,"$80,921 ",0%,United States,Columbus
E01357,Paisley Hunter,Engineering Manager,Engineering,Research & Development,Female,Caucasian,61,"$98,110 ",13%,United States,Chicago
E04387,Everleigh White,Network Architect,IT,Speciality Products,Female,Caucasian,59,"$86,831 ",0%,United States,Phoenix
E03591,Piper Sun,Director,Marketing,Manufacturing,Female,Asian,64,"$171,217 ",19%,United States,Seattle
E03328,Lucy Johnson,Manager,IT,Research & Development,Female,Caucasian,57,"$103,058 ",7%,United States,Columbus
E04937,Ian Ngo,Manager,Sales,Speciality Products,Male,Asian,52,"$117,062 ",7%,United States,Phoenix
E00515,Joseph Vazquez,Sr. Manger,Accounting,Speciality Products,Male,Latino,40,"$159,031 ",10%,United States,Miami
E03255,Jose Brown,System Administrator,IT,Speciality Products,Male,Caucasian,43,"$67,976 ",0%,United States,Seattle
E01711,Benjamin Ford,Analyst II,Finance,Speciality Products,Male,Caucasian,31,"$74,215 ",0%,United States,Phoenix
E04972,Ivy Daniels,Sr. Manger,Human Resources,Speciality Products,Female,Caucasian,41,"$131,841 ",13%,United States,Columbus
E04749,Caroline Phan,Sr. Manger,Finance,Corporate,Female,Asian,41,"$155,004 ",12%,United States,Austin
E02023,Maverick Mehta,Systems Analyst,IT,Manufacturing,Male,Asian,40,"$41,859 ",0%,United States,Seattle
E03166,Austin Edwards,IT Coordinator,IT,Manufacturing,Male,Black,42,"$52,733 ",0%,United States,Chicago
E02599,Daniel Huang,Vice President,Human Resources,Corporate,Male,Asian,31,"$250,953 ",34%,United States,Columbus
E00085,Mason Watson,Sr. Manger,IT,Corporate,Male,Caucasian,46,"$130,274 ",11%,United States,Chicago
E02108,Madeline Coleman,Sr. Manger,Finance,Research & Development,Female,Caucasian,51,"$150,758 ",13%,United States,Chicago
E03685,Silas Hunter,Solutions Architect,IT,Corporate,Male,Black,55,"$62,174 ",0%,United States,Chicago
E01089,Nicholas Brooks,Analyst II,Accounting,Manufacturing,Male,Caucasian,43,"$56,555 ",0%,United States,Phoenix
E03988,Dominic Thomas,Analyst II,Marketing,Manufacturing,Male,Caucasian,48,"$74,655 ",0%,United States,Austin
E00401,Wesley Adams,System Administrator,IT,Corporate,Male,Caucasian,48,"$93,017 ",0%,United States,Seattle
E02417,Alice Young,Automation Engineer,Engineering,Research & Development,Female,Caucasian,46,"$91,621 ",0%,United States,Chicago
E00359,Logan Carrillo,Sr. Analyst,Marketing,Research & Development,Male,Latino,33,"$91,280 ",0%,United States,Miami
E02044,Caroline Alexander,Business Partner,Human Resources,Manufacturing,Female,Black,42,"$47,071 ",0%,United States,Columbus
E01479,Serenity Bailey,IT Systems Architect,IT,Manufacturing,Female,Caucasian,55,"$81,218 ",0%,United States,Chicago
E02769,Eliza Adams,Account Representative,Sales,Manufacturing,Female,Caucasian,26,"$63,137 ",0%,United States,Chicago
E00553,Isla Yoon,Quality Engineer,Engineering,Research & Development,Female,Asian,50,"$79,388 ",0%,United States,Austin
E03540,Emma Perry,Solutions Architect,IT,Manufacturing,Female,Caucasian,28,"$68,176 ",0%,United States,Seattle
E02769,Riley Marquez,Sr. Manger,Finance,Research & Development,Female,Latino,39,"$122,829 ",11%,United States,Chicago
E01807,Matthew Lim,Sr. Analyst,Sales,Research & Development,Male,Asian,52,"$99,624 ",0%,United States,Seattle
E01762,Maya Ngo,Manager,Sales,Speciality Products,Female,Asian,55,"$108,686 ",6%,United States,Columbus
E04226,Andrew Moore,Operations Engineer,Engineering,Manufacturing,Male,Caucasian,47,"$120,628 ",0%,United States,Chicago
E04101,Olivia Harris,Director,Sales,Speciality Products,Female,Caucasian,63,"$181,216 ",27%,United States,Columbus
E01981,Genesis Banks,Analyst,Finance,Corporate,Female,Caucasian,63,"$46,081 ",0%,United States,Chicago
E02534,Victoria Johnson,Sr. Manger,Accounting,Corporate,Female,Caucasian,55,"$159,885 ",12%,United States,Columbus
E01238,Eloise Griffin,Director,Sales,Manufacturing,Female,Caucasian,55,"$153,271 ",15%,United States,Austin
E01118,Roman Yang,Manager,Human Resources,Manufacturing,Male,Asian,42,"$114,242 ",8%,United States,Phoenix
E04308,Kai Flores,Development Engineer,Engineering,Manufacturing,Male,Latino,35,"$65,566 ",0%,United States,Seattle
E02295,Axel Jordan,Analyst,Sales,Corporate,Male,Caucasian,47,"$54,635 ",0%,United States,Chicago
E04546,Jade Hunter,Cloud Infrastructure Architect,IT,Corporate,Female,Caucasian,42,"$96,636 ",0%,United States,Columbus
E04217,Lydia Williams,System Administrator,IT,Manufacturing,Female,Black,35,"$91,592 ",0%,United States,Chicago
E04645,Elias Ahmed,Vice President,Marketing,Corporate,Male,Asian,57,"$183,190 ",36%,United States,Chicago
E03880,Samantha Woods,Analyst,Accounting,Speciality Products,Female,Caucasian,56,"$54,829 ",0%,United States,Phoenix
E04517,Amelia Choi,Manager,Marketing,Speciality Products,Female,Asian,43,"$117,278 ",9%,United States,Miami
E04639,Luna Taylor,Network Administrator,IT,Manufacturing,Female,Caucasian,47,"$87,806 ",0%,United States,Seattle
E00465,Dominic Parker,Test Engineer,Engineering,Research & Development,Male,Caucasian,62,"$63,959 ",0%,United States,Seattle
E04927,Ezekiel Bryant,Sr. Analyst,Finance,Manufacturing,Male,Caucasian,55,"$77,396 ",0%,United States,Miami
E03799,Natalie Hwang,Sr. Analyst,Finance,Speciality Products,Female,Asian,63,"$89,523 ",0%,United States,Phoenix
E02633,Allison Roberts,Vice President,Sales,Manufacturing,Female,Black,54,"$222,224 ",38%,United States,Columbus
E02965,Andrew Do,Sr. Manger,Finance,Research & Development,Male,Asian,43,"$146,140 ",15%,United States,Seattle
E04345,Eliana Grant,Engineering Manager,Engineering,Speciality Products,Female,Caucasian,64,"$109,456 ",10%,United States,Chicago
E01132,Gabriella Johnson,Computer Systems Manager,IT,Research & Development,Female,Caucasian,42,"$97,433 ",5%,United States,Seattle
E02943,Bella Lopez,Sr. Analyst,Marketing,Corporate,Female,Latino,32,"$88,895 ",0%,United States,Chicago
E03461,Nathan Lau,Business Partner,Human Resources,Research & Development,Male,Asian,35,"$43,336 ",0%,United States,Austin
E03490,Henry Campos,Sr. Manger,Human Resources,Corporate,Male,Latino,38,"$127,801 ",15%,United States,Phoenix
E04466,Connor Bell,Network Administrator,IT,Corporate,Male,Black,54,"$76,352 ",0%,United States,Austin
E03226,Angel Stewart,Vice President,Finance,Corporate,Male,Caucasian,28,"$250,767 ",38%,United States,Seattle
E04607,Landon Brown,Vice President,Marketing,Corporate,Male,Caucasian,26,"$223,055 ",30%,United States,Columbus
E02190,Gabriel Carter,Test Engineer,Engineering,Manufacturing,Male,Caucasian,57,"$71,167 ",0%,United States,Columbus
E00747,Leilani Baker,Technical Architect,IT,Speciality Products,Female,Caucasian,59,"$76,027 ",0%,United States,Seattle
E01416,Hudson Thompson,Analyst II,Accounting,Manufacturing,Male,Black,30,"$67,753 ",0%,United States,Phoenix
E01524,Ian Miller,Computer Systems Manager,IT,Corporate,Male,Black,31,"$63,744 ",8%,United States,Austin
E02801,Santiago f Brooks,Sr. Manger,Sales,Corporate,Male,Black,51,"$157,487 ",12%,United States,Phoenix
E01952,Everett Lee,Network Administrator,IT,Research & Development,Male,Asian,45,"$90,770 ",0%,United States,Columbus
E00116,Madelyn Mehta,Analyst,Sales,Speciality Products,Female,Asian,64,"$55,369 ",0%,United States,Phoenix
E00624,William Watson,Director,Accounting,Speciality Products,Male,Caucasian,41,"$167,526 ",26%,United States,Miami
E00218,David Desai,Vice President,Sales,Speciality Products,Male,Asian,47,"$253,249 ",31%,United States,Austin
E01070,Grayson Brown,Vice President,IT,Corporate,Male,Caucasian,38,"$249,870 ",34%,United States,Chicago
E04925,Athena Jordan,System Administrator,IT,Manufacturing,Female,Black,42,"$72,486 ",0%,United States,Seattle
E00403,Liliana Soto,Business Partner,Human Resources,Manufacturing,Female,Latino,58,"$43,001 ",0%,United States,Austin
E00436,Lincoln Reyes,Computer Systems Manager,IT,Manufacturing,Male,Latino,60,"$85,120 ",9%,United States,Seattle
E04358,Grayson Soto,Business Partner,Human Resources,Manufacturing,Male,Latino,34,"$52,200 ",0%,United States,Columbus
E04662,Julia Morris,Sr. Manger,Human Resources,Corporate,Female,Caucasian,60,"$150,855 ",11%,United States,Phoenix
E01496,Ava Ortiz,Enterprise Architect,IT,Manufacturing,Female,Latino,53,"$65,702 ",0%,United States,Columbus
E03971,Lillian Chen,Sr. Manger,Marketing,Research & Development,Female,Asian,25,"$157,057 ",10%,United States,Columbus
E03616,Josiah Lewis,Manager,IT,Research & Development,Male,Caucasian,46,"$127,559 ",10%,United States,Austin
E00153,Claire Jones,Field Engineer,Engineering,Corporate,Female,Caucasian,39,"$62,644 ",0%,United States,Seattle
E02960,Nova Hill,Sr. Analyst,Accounting,Manufacturing,Female,Caucasian,56,"$90,040 ",0%,United States,Chicago
E02140,Naomi Zhao,Vice President,Human Resources,Speciality Products,Female,Asian,45,"$201,396 ",32%,United States,Miami
E03881,Andrew Reed,System Administrator,IT,Corporate,Male,Black,28,"$65,341 ",0%,United States,Miami
E02604,Brooklyn Collins,Sr. Manger,Finance,Corporate,Female,Black,59,"$139,208 ",11%,United States,Austin
E00864,Samantha Aguilar,Manager,Accounting,Speciality Products,Female,Latino,46,"$102,636 ",6%,United States,Seattle
E03223,Ethan Joseph,IT Coordinator,IT,Research & Development,Male,Caucasian,45,"$49,219 ",0%,United States,Columbus
E00364,Matthew Howard,Director,Human Resources,Manufacturing,Male,Caucasian,50,"$172,180 ",30%,United States,Columbus
E03720,Genesis Hunter,Manager,Finance,Corporate,Female,Caucasian,48,"$102,847 ",5%,United States,Chicago
E03371,Jack Alexander,Vice President,IT,Manufacturing,Male,Caucasian,56,"$228,822 ",36%,United States,Miami
E02531,Jameson Foster,Analyst,Marketing,Manufacturing,Male,Caucasian,28,"$43,391 ",0%,United States,Columbus
E02468,Ella Huang,Vice President,Marketing,Corporate,Female,Asian,45,"$211,637 ",31%,United States,Chicago
E01499,Liam Jordan,Computer Systems Manager,IT,Manufacturing,Male,Caucasian,28,"$73,255 ",9%,United States,Phoenix
E03697,Isaac Woods,Manager,Sales,Corporate,Male,Caucasian,28,"$108,826 ",10%,United States,Miami
E00593,Luke Wilson,Solutions Architect,IT,Speciality Products,Male,Caucasian,34,"$94,352 ",0%,United States,Miami
E01103,Lyla Alvarez,IT Systems Architect,IT,Research & Development,Female,Latino,55,"$73,955 ",0%,United States,Phoenix
E01958,Angel Lin,Network Administrator,IT,Manufacturing,Male,Asian,27,"$92,321 ",0%,United States,Chicago
E01870,Easton Moore,Computer Systems Manager,IT,Research & Development,Male,Caucasian,52,"$99,557 ",9%,United States,Seattle
E01167,Kinsley Collins,Automation Engineer,Engineering,Speciality Products,Female,Caucasian,28,"$115,854 ",0%,United States,Phoenix
E00099,Brooklyn Salazar,IT Systems Architect,IT,Manufacturing,Female,Latino,44,"$82,462 ",0%,United States,Austin
E00044,Scarlett Jenkins,Vice President,IT,Research & Development,Female,Caucasian,53,"$198,473 ",32%,United States,Miami
E00711,Melody Chin,Sr. Manger,Finance,Corporate,Female,Asian,43,"$153,492 ",11%,United States,Chicago
E04795,Eloise Alexander,Vice President,Human Resources,Corporate,Female,Black,28,"$208,210 ",30%,United States,Seattle
E03912,Carter Turner,Sr. Analyst,Marketing,Corporate,Male,Caucasian,33,"$91,632 ",0%,United States,Phoenix
E04756,Aiden Le,Cloud Infrastructure Architect,IT,Corporate,Male,Asian,55,"$99,774 ",0%,United States,Austin
E03305,Hannah King,Manager,Accounting,Speciality Products,Female,Caucasian,31,"$114,911 ",7%,United States,Chicago
E00703,Wesley Dominguez,Engineering Manager,Engineering,Corporate,Male,Latino,45,"$115,490 ",12%,United States,Chicago
E00103,Nora Park,Director,Accounting,Speciality Products,Female,Asian,29,"$197,649 ",20%,United States,Columbus
E01194,Ella Jenkins,Analyst II,Finance,Speciality Products,Female,Caucasian,52,"$61,026 ",0%,United States,Phoenix
E02179,Peyton Owens,Controls Engineer,Engineering,Speciality Products,Female,Caucasian,48,"$96,693 ",0%,United States,Chicago
E04242,Alice Lopez,Test Engineer,Engineering,Speciality Products,Female,Latino,48,"$82,907 ",0%,United States,Seattle
E03065,Ezra Ortiz,Quality Engineer,Engineering,Research & Development,Male,Latino,41,"$94,658 ",0%,United States,Miami
E03097,Brooks Stewart,HRIS Analyst,Human Resources,Manufacturing,Male,Black,45,"$51,983 ",0%,United States,Columbus
E02088,Skylar Ayala,Sr. Manger,Finance,Corporate,Female,Latino,55,"$144,986 ",12%,United States,Phoenix
E03980,Lydia Huynh,Account Representative,Sales,Speciality Products,Female,Asian,45,"$60,113 ",0%,United States,Chicago
E00824,Everleigh Adams,Analyst II,Marketing,Manufacturing,Female,Caucasian,33,"$68,846 ",0%,United States,Chicago
E04359,Layla Salazar,Solutions Architect,IT,Corporate,Female,Latino,59,"$90,901 ",0%,United States,Seattle
E03113,Willow Chen,Manager,Accounting,Corporate,Female,Asian,50,"$102,033 ",8%,United States,Austin
E01488,Penelope Griffin,Director,Sales,Manufacturing,Female,Caucasian,61,"$151,783 ",26%,United States,Seattle
E01787,Lillian Romero,Director,Engineering,Corporate,Female,Latino,27,"$170,164 ",17%,United States,Austin
E03550,Stella Wu,Sr. Manger,Marketing,Speciality Products,Female,Asian,35,"$155,905 ",14%,United States,Phoenix
E01052,Parker Vang,Analyst,Sales,Corporate,Male,Asian,40,"$50,733 ",0%,United States,Miami
E04799,Mila Roberts,Sr. Business Partner,Human Resources,Corporate,Female,Caucasian,30,"$88,663 ",0%,United States,Phoenix
E04128,Jacob Doan,Analyst II,Sales,Speciality Products,Male,Asian,55,"$67,130 ",0%,United States,Miami
E00013,Raelynn Ma,Sr. Analyst,Finance,Speciality Products,Female,Asian,33,"$94,876 ",0%,United States,Miami
E03114,Jameson Juarez,Development Engineer,Engineering,Speciality Products,Male,Latino,62,"$98,230 ",0%,United States,Miami
E04004,Everleigh Shah,Test Engineer,Engineering,Research & Development,Female,Asian,36,"$96,757 ",0%,United States,Columbus
E04472,Alexander Foster,Analyst II,Marketing,Manufacturing,Male,Black,35,"$51,513 ",0%,United States,Columbus
E00161,Ryan Ha,Vice President,Marketing,Corporate,Male,Asian,60,"$234,311 ",37%,United States,Miami
E04417,Chloe Salazar,Sr. Manger,Human Resources,Speciality Products,Female,Latino,45,"$152,353 ",14%,United States,Seattle
E04536,Layla Scott,Sr. Manger,Accounting,Speciality Products,Female,Caucasian,48,"$124,774 ",12%,United States,Phoenix
E02857,Mason Jimenez,Sr. Manger,Finance,Speciality Products,Male,Latino,44,"$130,133 ",15%,United States,Austin
E02856,Amelia Kaur,Operations Engineer,Engineering,Research & Development,Female,Asian,30,"$77,442 ",0%,United States,Columbus
E00319,Ezra Wilson,Service Desk Analyst,IT,Manufacturing,Male,Caucasian,55,"$70,334 ",0%,United States,Miami
E01090,Jacob Cheng,Quality Engineer,Engineering,Research & Development,Male,Asian,59,"$78,006 ",0%,United States,Miami
E04323,Melody Valdez,Director,IT,Manufacturing,Female,Latino,28,"$160,385 ",23%,United States,Miami
E02687,Caroline Nelson,Vice President,Finance,Corporate,Female,Caucasian,36,"$202,323 ",39%,United States,Chicago
E02748,Genesis Zhu,Director,Finance,Speciality Products,Female,Asian,34,"$184,960 ",18%,United States,Seattle
E01995,Jonathan Ho,Vice President,IT,Manufacturing,Male,Asian,37,"$221,592 ",31%,United States,Columbus
E01714,Savannah Park,HRIS Analyst,Human Resources,Manufacturing,Female,Asian,44,"$53,301 ",0%,United States,Seattle
E04491,Nathan Chan,Cloud Infrastructure Architect,IT,Corporate,Male,Asian,45,"$91,276 ",0%,United States,Seattle
E01076,Sofia Vu,Sr. Manger,Human Resources,Research & Development,Female,Asian,52,"$140,042 ",13%,United States,Austin
E04131,Ruby Choi,Analyst,Accounting,Manufacturing,Female,Asian,40,"$57,225 ",0%,United States,Columbus
E02843,Lily Pena,Manager,Human Resources,Speciality Products,Female,Latino,55,"$102,839 ",5%,United States,Miami
E03758,Liam Zhang,Director,Marketing,Research & Development,Male,Asian,29,"$199,783 ",21%,United States,Chicago
E00638,David Simmons,Manager,Marketing,Corporate,Male,Caucasian,51,"$104,431 ",7%,United States,Phoenix
E03571,Lincoln Henderson,Business Partner,Human Resources,Speciality Products,Male,Caucasian,28,"$48,510 ",0%,United States,Chicago
E01820,Nathan Miller,Quality Engineer,Engineering,Speciality Products,Male,Black,27,"$70,110 ",0%,United States,Miami
E02706,Lucy Figueroa,Sr. Manger,Finance,Research & Development,Female,Latino,45,"$149,761 ",12%,United States,Columbus
E02478,Alexander Morris,Manager,Sales,Speciality Products,Male,Caucasian,33,"$119,631 ",6%,United States,Phoenix
E04170,Grayson Chin,Vice President,IT,Research & Development,Male,Asian,26,"$256,561 ",39%,United States,Austin
E00929,Allison Espinoza,Solutions Architect,IT,Speciality Products,Female,Latino,45,"$66,958 ",0%,United States,Miami
E03824,Jameson Martin,Technical Architect,IT,Corporate,Male,Caucasian,37,"$71,695 ",0%,United States,Phoenix
E02857,Valentina Davis,Analyst,Sales,Speciality Products,Female,Caucasian,33,"$46,878 ",0%,United States,Miami
E04938,Brooklyn Daniels,Analyst,Marketing,Speciality Products,Female,Caucasian,64,"$57,032 ",0%,United States,Miami
E01639,Everleigh Simmons,Analyst,Finance,Manufacturing,Female,Caucasian,55,"$48,266 ",0%,United States,Chicago
E03947,Logan Soto,Vice President,Finance,Research & Development,Male,Latino,36,"$223,404 ",32%,United States,Columbus
E04535,Charlotte Vo,System Administrator,IT,Speciality Products,Female,Asian,57,"$74,854 ",0%,United States,Seattle
E00380,Alice Thompson,Vice President,Accounting,Speciality Products,Female,Caucasian,48,"$217,783 ",36%,United States,Seattle
E02628,Nora Nelson,Analyst II,Finance,Manufacturing,Female,Caucasian,41,"$50,685 ",0%,United States,Columbus
E03578,Maverick Li,Analyst II,Sales,Research & Development,Male,Asian,34,"$58,993 ",0%,United States,Austin
E03563,Ian Barnes,Operations Engineer,Engineering,Corporate,Male,Caucasian,47,"$115,765 ",0%,United States,Miami
E02781,Athena Vu,Director,Accounting,Manufacturing,Female,Asian,63,"$193,044 ",15%,United States,Miami
E04739,Ruby Washington,Analyst,Marketing,Research & Development,Female,Black,65,"$56,686 ",0%,United States,Seattle
E02665,Bella Butler,Sr. Manger,Finance,Manufacturing,Female,Black,33,"$131,652 ",11%,United States,Seattle
E04132,Kinsley Henry,Director,Marketing,Manufacturing,Female,Black,45,"$150,577 ",25%,United States,Miami
E03890,Everett Khan,Solutions Architect,IT,Manufacturing,Male,Asian,43,"$86,417 ",0%,United States,Chicago
E02012,Anna Han,System Administrator,IT,Research & Development,Female,Asian,65,"$96,548 ",0%,United States,Austin
E03750,Jordan Cho,Analyst II,Accounting,Speciality Products,Male,Asian,28,"$61,410 ",0%,United States,Phoenix
E00605,Nova Williams,Manager,Finance,Speciality Products,Female,Black,61,"$110,302 ",6%,United States,Miami
E04641,Scarlett Hill,Director,Engineering,Speciality Products,Female,Black,45,"$187,205 ",24%,United States,Columbus
E01019,Dominic Scott,Sr. Analyst,Sales,Corporate,Male,Caucasian,45,"$81,687 ",0%,United States,Phoenix
E01519,Anthony Marquez,Vice President,IT,Speciality Products,Male,Latino,54,"$241,083 ",39%,United States,Columbus
E03694,Elena Patterson,Vice President,Finance,Speciality Products,Female,Black,38,"$223,805 ",36%,United States,Chicago
E01123,Madison Nelson,Director,Accounting,Corporate,Female,Caucasian,27,"$161,759 ",16%,United States,Miami
E01366,William Walker,Computer Systems Manager,IT,Research & Development,Male,Black,40,"$95,899 ",10%,United States,Columbus
E04005,Lincoln Wong,Sr. Analyst,Finance,Corporate,Male,Asian,49,"$80,700 ",0%,United States,Columbus
E04018,Emery Ford,Analyst II,Marketing,Corporate,Female,Caucasian,39,"$58,745 ",0%,United States,Austin
E01591,Paisley Trinh,Technical Architect,IT,Corporate,Female,Asian,57,"$76,202 ",0%,United States,Austin
E04940,Hudson Williams,Vice President,Sales,Speciality Products,Male,Black,36,"$195,200 ",36%,United States,Austin
E03870,Madeline Allen,Cloud Infrastructure Architect,IT,Manufacturing,Female,Caucasian,30,"$94,652 ",0%,United States,Seattle
E01927,Charles Moore,Technical Architect,IT,Manufacturing,Male,Black,34,"$63,411 ",0%,United States,Miami
E03984,Hailey Foster,Controls Engineer,Engineering,Manufacturing,Female,Black,55,"$95,562 ",0%,United States,Chicago
E00446,Hudson Hill,Sr. Analyst,Sales,Research & Development,Male,Caucasian,30,"$96,092 ",0%,United States,Austin
E02825,Wyatt Li,Vice President,Engineering,Manufacturing,Male,Asian,63,"$254,289 ",39%,United States,Chicago
E04174,Maverick Henry,Computer Systems Manager,IT,Research & Development,Male,Caucasian,26,"$69,110 ",5%,United States,Chicago
E01899,Xavier Jackson,Vice President,Marketing,Speciality Products,Male,Caucasian,52,"$236,314 ",34%,United States,Miami
E02562,Christian Medina,Analyst,Marketing,Corporate,Male,Latino,51,"$45,206 ",0%,United States,Columbus
E01006,Autumn Leung,Vice President,Finance,Research & Development,Female,Asian,25,"$210,708 ",33%,United States,Chicago
E02903,Robert Vazquez,System Administrator,IT,Corporate,Male,Latino,40,"$87,770 ",0%,United States,Austin
E03642,Aria Roberts,Manager,Accounting,Corporate,Female,Caucasian,38,"$106,858 ",5%,United States,Seattle
E02884,Axel Johnson,Director,Human Resources,Corporate,Male,Caucasian,60,"$155,788 ",17%,United States,Seattle
E04720,Christopher Chung,Controls Engineer,Engineering,Corporate,Male,Asian,28,"$95,670 ",0%,United States,Phoenix
E01985,Eliana Turner,Account Representative,Sales,Research & Development,Female,Black,65,"$67,837 ",0%,United States,Austin
E02415,Penelope Gonzalez,Sr. Analyst,Sales,Corporate,Female,Latino,52,"$93,103 ",0%,United States,Phoenix
E02877,Mila Allen,Controls Engineer,Engineering,Corporate,Female,Caucasian,56,"$76,272 ",0%,United States,Miami
E00091,Emilia Chu,Analyst II,Finance,Manufacturing,Female,Asian,48,"$55,760 ",0%,United States,Austin
E02563,Emily Clark,Vice President,Accounting,Corporate,Female,Caucasian,36,"$253,294 ",40%,United States,Miami
E04221,Roman King,Analyst II,Finance,Corporate,Male,Caucasian,60,"$58,671 ",0%,United States,Columbus
E04887,Emery Do,Account Representative,Sales,Research & Development,Female,Asian,40,"$55,457 ",0%,United States,Columbus
E03170,Autumn Thao,Account Representative,Sales,Manufacturing,Female,Asian,63,"$72,340 ",0%,United States,Phoenix
E01636,Naomi Coleman,Manager,Marketing,Corporate,Female,Caucasian,29,"$122,054 ",6%,United States,Phoenix
E01363,Ayla Daniels,Technical Architect,IT,Corporate,Female,Caucasian,53,"$78,153 ",0%,United States,Miami
E02249,Allison Daniels,Manager,Finance,Manufacturing,Female,Caucasian,37,"$103,524 ",9%,United States,Phoenix
E02987,Mateo Harris,Manager,IT,Corporate,Male,Caucasian,30,"$119,906 ",5%,United States,Columbus
E03655,Samantha Rogers,Analyst,Marketing,Speciality Products,Female,Caucasian,28,"$45,061 ",0%,United States,Miami
E04048,Julian Lee,IT Systems Architect,IT,Corporate,Male,Asian,51,"$91,399 ",0%,United States,Seattle
E03626,Nicholas Avila,Enterprise Architect,IT,Research & Development,Male,Latino,28,"$97,336 ",0%,United States,Austin
E03694,Hailey Watson,Sr. Manger,Accounting,Corporate,Female,Black,31,"$124,629 ",10%,United States,Columbus
E02920,Willow Woods,Vice President,Human Resources,Speciality Products,Female,Caucasian,28,"$231,850 ",39%,United States,Miami
E03220,Alexander Gonzales,Manager,Accounting,Research & Development,Male,Latino,34,"$128,329 ",8%,United States,Phoenix
E03968,Joshua Chin,Sr. Manger,Marketing,Manufacturing,Male,Asian,60,"$121,480 ",14%,United States,Phoenix
E04299,Paisley Hall,Director,Human Resources,Speciality Products,Female,Caucasian,41,"$153,275 ",24%,United States,Columbus
E01150,Allison Leung,Sr. Analyst,Sales,Research & Development,Female,Asian,62,"$97,830 ",0%,United States,Austin
E03774,Hannah Mejia,Vice President,Marketing,Corporate,Female,Latino,47,"$239,394 ",32%,United States,Austin
E01877,Abigail Garza,Analyst,Accounting,Manufacturing,Female,Latino,33,"$45,049 ",0%,United States,Seattle
E00440,Adeline Thao,Vice President,Finance,Corporate,Female,Asian,54,"$183,239 ",32%,United States,Seattle
E00145,Kinsley Dixon,Analyst,Accounting,Manufacturing,Female,Caucasian,28,"$45,819 ",0%,United States,Miami
E04150,Natalia Vu,Analyst,Accounting,Research & Development,Female,Asian,54,"$55,518 ",0%,United States,Columbus
E04247,Camila Evans,Manager,Marketing,Research & Development,Female,Black,55,"$113,950 ",9%,United States,Miami
E02613,Everly Lai,Vice President,Marketing,Speciality Products,Female,Asian,52,"$182,035 ",30%,United States,Chicago
E03648,Vivian Hunter,Account Representative,Sales,Corporate,Female,Black,26,"$66,084 ",0%,United States,Seattle
E03981,Eliana Li,Test Engineer,Engineering,Research & Development,Female,Asian,63,"$67,987 ",0%,United States,Miami
E03262,Logan Mitchell,Analyst II,Marketing,Manufacturing,Male,Caucasian,65,"$59,833 ",0%,United States,Columbus
E02716,Dominic Dinh,Sr. Manger,Marketing,Speciality Products,Male,Asian,45,"$128,468 ",11%,United States,Chicago
E00245,Lucas Daniels,Manager,Sales,Corporate,Male,Black,42,"$102,440 ",6%,United States,Chicago
E04123,Andrew Holmes,Vice President,IT,Speciality Products,Male,Black,59,"$246,619 ",36%,United States,Miami
E03471,Julia Sandoval,Manager,Human Resources,Corporate,Female,Latino,42,"$101,143 ",6%,United States,Miami
E01966,Thomas Williams,Field Engineer,Engineering,Speciality Products,Male,Caucasian,45,"$87,292 ",0%,United States,Columbus
E03694,Eli Reed,Systems Analyst,IT,Corporate,Male,Caucasian,51,"$53,929 ",0%,United States,Miami
E04766,Lyla Yoon,Vice President,Accounting,Manufacturing,Female,Asian,38,"$191,571 ",32%,United States,Austin
E01465,Hannah White,Sr. Manger,Accounting,Corporate,Female,Caucasian,62,"$150,555 ",13%,United States,Phoenix
E04088,Ezra Liang,Vice President,Finance,Research & Development,Male,Asian,52,"$216,999 ",37%,United States,Miami
E03227,Eli Richardson,IT Coordinator,IT,Speciality Products,Male,Caucasian,38,"$48,762 ",0%,United States,Seattle
E00607,Jameson Allen,Director,Marketing,Speciality Products,Male,Caucasian,32,"$177,443 ",16%,United States,Seattle
E02258,Eliza Chen,Enterprise Architect,IT,Research & Development,Female,Asian,36,"$75,862 ",0%,United States,Austin
E03681,Lyla Chen,Sr. Business Partner,Human Resources,Research & Development,Female,Asian,45,"$90,870 ",0%,United States,Chicago
E02298,Emily Doan,Engineering Manager,Engineering,Corporate,Female,Asian,32,"$99,202 ",11%,United States,Phoenix
E02440,Grayson Turner,Solutions Architect,IT,Corporate,Male,Caucasian,54,"$63,196 ",0%,United States,Chicago
E03579,Robert Zhang,Vice President,Marketing,Corporate,Male,Asian,45,"$202,680 ",32%,United States,Phoenix
E00170,Claire Adams,Director,Sales,Manufacturing,Female,Black,61,"$159,567 ",28%,United States,Phoenix
E00810,Hunter Nunez,Vice President,Human Resources,Corporate,Male,Latino,62,"$234,594 ",33%,United States,Seattle
E02798,Charles Henderson,Systems Analyst,IT,Speciality Products,Male,Caucasian,48,"$43,080 ",0%,United States,Austin
E04542,Camila Cortez,Manager,Marketing,Manufacturing,Female,Latino,29,"$129,541 ",8%,United States,Phoenix
E02818,Aaron Garza,Director,Sales,Research & Development,Male,Latino,39,"$165,756 ",28%,United States,Columbus
E02907,Jose Singh,Sr. Manger,Finance,Speciality Products,Male,Asian,44,"$142,878 ",12%,United States,Columbus
E00023,Gabriel Joseph,Director,Engineering,Manufacturing,Male,Caucasian,52,"$187,992 ",28%,United States,Miami
E01429,Dylan Wilson,Network Administrator,IT,Research & Development,Male,Caucasian,48,"$76,505 ",0%,United States,Seattle
E01249,Samuel Bailey,Vice President,Accounting,Speciality Products,Male,Caucasian,41,"$235,619 ",30%,United States,Seattle
E04732,Benjamin Ramirez,Network Engineer,IT,Research & Development,Male,Latino,48,"$68,987 ",0%,United States,Chicago
E03834,Anthony Carter,Director,Engineering,Speciality Products,Male,Caucasian,41,"$155,926 ",24%,United States,Columbus
E02923,Ethan Tang,Sr. Analyst,Accounting,Speciality Products,Male,Asian,54,"$93,668 ",0%,United States,Chicago
E02642,Sebastian Rogers,HRIS Analyst,Human Resources,Research & Development,Male,Caucasian,38,"$69,647 ",0%,United States,Miami
E00981,Miles Thao,System Administrator,IT,Corporate,Male,Asian,57,"$63,318 ",0%,United States,Columbus
E04547,Avery Grant,Enterprise Architect,IT,Research & Development,Female,Caucasian,49,"$88,777 ",0%,United States,Chicago
E04484,Vivian Thao,Quality Engineer,Engineering,Research & Development,Female,Asian,45,"$60,017 ",0%,United States,Chicago
E01209,Jayden Williams,Manager,Human Resources,Manufacturing,Male,Caucasian,64,"$104,668 ",8%,United States,Columbus
E02024,Amelia Bell,Sr. Analyst,Sales,Manufacturing,Female,Caucasian,53,"$89,769 ",0%,United States,Seattle
E02427,Addison Mehta,Manager,Sales,Corporate,Female,Asian,27,"$127,616 ",7%,United States,Columbus
E00276,Alexander Jackson,Manager,Human Resources,Corporate,Male,Caucasian,45,"$109,883 ",7%,United States,Columbus
E03248,Lyla Stewart,Sr. Manger,IT,Speciality Products,Female,Caucasian,43,"$120,321 ",12%,United States,Austin
E04444,Brooklyn Ruiz,IT Coordinator,IT,Manufacturing,Female,Latino,61,"$57,446 ",0%,United States,Phoenix
E02307,Skylar Evans,Director,Accounting,Research & Development,Female,Caucasian,42,"$174,099 ",26%,United States,Austin
E02375,Lincoln Huynh,Sr. Manger,Finance,Manufacturing,Male,Asian,63,"$128,703 ",13%,United States,Austin
E02276,Hazel Griffin,Field Engineer,Engineering,Corporate,Female,Caucasian,32,"$65,247 ",0%,United States,Phoenix
E00503,Leah Patterson,Manager,Human Resources,Research & Development,Female,Caucasian,33,"$118,253 ",8%,United States,Austin
E00676,Isaac Yoon,Manager,Human Resources,Corporate,Male,Asian,41,"$126,950 ",10%,United States,Chicago
E02005,Isabella Bui,Enterprise Architect,IT,Manufacturing,Female,Asian,36,"$97,500 ",0%,United States,Miami
E00749,Valentina Moua,Account Representative,Sales,Manufacturing,Female,Asian,37,"$64,204 ",0%,United States,Columbus
E01413,Caroline Nelson,Sr. Account Representative,Sales,Speciality Products,Female,Black,60,"$71,677 ",0%,United States,Columbus
E03928,Miles Dang,IT Coordinator,IT,Speciality Products,Male,Asian,61,"$40,063 ",0%,United States,Miami
E04109,Leah Bryant,IT Coordinator,IT,Manufacturing,Female,Caucasian,55,"$40,124 ",0%,United States,Austin
E03994,Henry Jung,Automation Engineer,Engineering,Manufacturing,Male,Asian,57,"$103,183 ",0%,United States,Austin
E00639,Benjamin Mai,System Administrator,IT,Corporate,Male,Asian,54,"$95,239 ",0%,United States,Phoenix
E00608,Anna Han,Development Engineer,Engineering,Manufacturing,Female,Asian,29,"$75,012 ",0%,United States,Chicago
E02732,Alice Tran,Analyst,Marketing,Corporate,Female,Asian,39,"$40,897 ",0%,United States,Seattle
E01286,Liam Sanders,Sr. Business Partner,Human Resources,Corporate,Male,Caucasian,46,"$75,579 ",0%,United States,Seattle
E00412,Ezra Banks,Analyst II,Sales,Research & Development,Male,Caucasian,37,"$57,531 ",0%,United States,Chicago
E01844,Jayden Kang,Analyst,Finance,Research & Development,Male,Asian,46,"$55,894 ",0%,United States,Seattle
E00667,Skylar Shah,Field Engineer,Engineering,Manufacturing,Female,Asian,42,"$72,903 ",0%,United States,Phoenix
E00287,Luca Nelson,Manager,Finance,Speciality Products,Male,Caucasian,60,"$106,578 ",9%,United States,Miami
E02235,Riley Ramirez,Sr. Business Partner,Human Resources,Research & Development,Female,Latino,52,"$92,994 ",0%,United States,Chicago
E03583,Kayden Jordan,Cloud Infrastructure Architect,IT,Research & Development,Male,Caucasian,48,"$99,335 ",0%,United States,Phoenix
E01188,Alexander James,Sr. Manger,Human Resources,Manufacturing,Male,Caucasian,42,"$131,179 ",15%,United States,Columbus
E03289,Christopher Lam,Vice President,Accounting,Manufacturing,Male,Asian,64,"$252,325 ",40%,United States,Columbus
E01947,Sophie Owens,Analyst II,Finance,Research & Development,Female,Caucasian,30,"$52,697 ",0%,United States,Seattle
E04249,Hadley Dang,Vice President,Accounting,Corporate,Female,Asian,47,"$243,568 ",33%,United States,Austin
E01090,Ethan Mehta,Director,Sales,Research & Development,Male,Asian,49,"$199,176 ",24%,United States,Phoenix
E03830,Madison Her,Technical Architect,IT,Speciality Products,Female,Asian,56,"$82,806 ",0%,United States,Seattle
E04363,Savannah Singh,Director,Marketing,Speciality Products,Female,Asian,53,"$164,399 ",25%,United States,Seattle
E04920,Nevaeh Hsu,Sr. Manger,Human Resources,Manufacturing,Female,Asian,32,"$154,956 ",13%,United States,Phoenix
E03866,Jordan Zhu,Sr. Manger,Marketing,Manufacturing,Male,Asian,32,"$143,970 ",12%,United States,Seattle
E04095,Sadie Patterson,Sr. Analyst,Accounting,Speciality Products,Female,Caucasian,38,"$89,390 ",0%,United States,Seattle
E04079,Christopher Butler,Network Architect,IT,Manufacturing,Male,Caucasian,41,"$67,468 ",0%,United States,Miami
E02259,Emily Lau,Sr. Analyst,Finance,Manufacturing,Female,Asian,35,"$74,779 ",0%,United States,Phoenix
E04972,Sophie Oh,Network Engineer,IT,Corporate,Female,Asian,29,"$63,985 ",0%,United States,Miami
E01834,Chloe Allen,Solutions Architect,IT,Manufacturing,Female,Caucasian,64,"$77,903 ",0%,United States,Seattle
E03124,Caleb Nelson,Director,Marketing,Corporate,Male,Caucasian,33,"$164,396 ",29%,United States,Columbus
E01898,Oliver Moua,IT Systems Architect,IT,Corporate,Male,Asian,29,"$71,234 ",0%,United States,Seattle
E03910,Nova Hsu,Manager,Human Resources,Speciality Products,Female,Asian,32,"$101,870 ",10%,United States,Phoenix
E01832,Ezra Singh,Analyst,Finance,Manufacturing,Male,Asian,56,"$41,561 ",0%,United States,Austin
E02391,Piper Ramos,Sr. Manger,Sales,Manufacturing,Female,Latino,49,"$157,057 ",12%,United States,Miami
E04697,Eleanor Williams,Enterprise Architect,IT,Speciality Products,Female,Caucasian,61,"$64,462 ",0%,United States,Chicago
E00371,Melody Grant,Quality Engineer,Engineering,Corporate,Female,Caucasian,41,"$79,352 ",0%,United States,Seattle
E02992,Paisley Sanders,Sr. Manger,Marketing,Speciality Products,Female,Caucasian,55,"$157,812 ",11%,United States,Miami
E04369,Santiago f Gray,Quality Engineer,Engineering,Corporate,Male,Caucasian,27,"$80,745 ",0%,United States,Chicago
E00592,Josephine Richardson,System Administrator,IT,Manufacturing,Female,Caucasian,57,"$75,354 ",0%,United States,Austin
E03532,Jaxson Santiago,Engineering Manager,Engineering,Research & Development,Male,Latino,56,"$78,938 ",14%,United States,Phoenix
E00863,Lincoln Ramos,Operations Engineer,Engineering,Corporate,Male,Latino,59,"$96,313 ",0%,United States,Austin
E03310,Dylan Campbell,Director,Engineering,Speciality Products,Male,Caucasian,45,"$153,767 ",27%,United States,Phoenix
E01883,Olivia Gray,Manager,Marketing,Research & Development,Female,Black,42,"$103,423 ",6%,United States,Columbus
E00369,Genesis Woods,Manager,Human Resources,Speciality Products,Female,Black,33,"$105,390 ",6%,United States,Columbus
E03278,Nevaeh James,Solutions Architect,IT,Speciality Products,Female,Caucasian,45,"$66,660 ",0%,United States,Austin
E02492,Parker Sandoval,Manager,Human Resources,Speciality Products,Male,Latino,59,"$101,985 ",7%,United States,Miami
E03055,Austin Rojas,Vice President,Finance,Corporate,Male,Latino,29,"$199,504 ",30%,United States,Austin
E00717,Axel Santos,Sr. Analyst,Accounting,Speciality Products,Male,Latino,62,"$94,422 ",0%,United States,Phoenix
E04637,Samuel Song,Director,Sales,Corporate,Male,Asian,31,"$191,026 ",16%,United States,Columbus
E00340,Eliana Allen,Business Partner,Human Resources,Research & Development,Female,Caucasian,56,"$52,800 ",0%,United States,Phoenix
E04751,Grayson James,Operations Engineer,Engineering,Speciality Products,Male,Caucasian,54,"$113,982 ",0%,United States,Seattle
E01111,Santiago f Moua,Sr. Manger,Human Resources,Corporate,Male,Asian,45,"$145,093 ",12%,United States,Chicago
E03149,Layla Collins,IT Systems Architect,IT,Speciality Products,Female,Caucasian,26,"$74,170 ",0%,United States,Austin
E00952,Jaxon Powell,Field Engineer,Engineering,Research & Development,Male,Caucasian,59,"$62,605 ",0%,United States,Austin
E04380,Naomi Washington,Manager,IT,Speciality Products,Female,Caucasian,51,"$107,195 ",9%,United States,Austin
E04095,Ryan Holmes,Sr. Manger,Marketing,Speciality Products,Male,Caucasian,45,"$127,422 ",15%,United States,Columbus
E04994,Bella Holmes,Director,Accounting,Research & Development,Female,Caucasian,35,"$161,269 ",27%,United States,Miami
E03595,Christopher Howard,Enterprise Architect,IT,Speciality Products,Male,Caucasian,61,"$75,780 ",0%,United States,Seattle
E04464,Cooper Yoon,Engineering Manager,Engineering,Research & Development,Male,Asian,60,"$106,079 ",14%,United States,Austin
E02135,John Delgado,Cloud Infrastructure Architect,IT,Corporate,Male,Latino,30,"$92,058 ",0%,United States,Austin
E01684,Jaxson Liang,Field Engineer,Engineering,Manufacturing,Male,Asian,64,"$67,114 ",0%,United States,Phoenix
E03362,Lily Henderson,HRIS Analyst,Human Resources,Manufacturing,Female,Caucasian,61,"$64,937 ",0%,United States,Phoenix
E01108,Hannah Martinez,Manager,Marketing,Manufacturing,Female,Latino,65,"$127,626 ",10%,United States,Miami
E02217,William Phillips,Network Architect,IT,Corporate,Male,Black,61,"$88,478 ",0%,United States,Austin
E03795,Hazel Young,Sr. Manger,Sales,Speciality Products,Female,Black,30,"$154,624 ",15%,United States,Austin
E01582,Elijah Coleman,Sr. Manger,Sales,Research & Development,Male,Caucasian,53,"$159,538 ",11%,United States,Miami
E04872,Isaac Stewart,Director,Marketing,Speciality Products,Male,Caucasian,25,"$172,007 ",26%,United States,Miami
E01337,Andrew Coleman,Director,Finance,Corporate,Male,Caucasian,41,"$174,415 ",23%,United States,Miami
E03637,Landon Thao,HRIS Analyst,Human Resources,Speciality Products,Male,Asian,25,"$67,299 ",0%,United States,Phoenix
E03455,Hadley Ford,Systems Analyst,IT,Research & Development,Female,Caucasian,52,"$45,286 ",0%,United States,Chicago
E03354,Austin Brown,Director,Marketing,Research & Development,Male,Caucasian,48,"$194,723 ",25%,United States,Phoenix
E02274,Isabella Bailey,Network Administrator,IT,Manufacturing,Female,Caucasian,36,"$61,310 ",0%,United States,Phoenix
E00480,Hadley Yee,Business Partner,Human Resources,Speciality Products,Female,Asian,31,"$47,913 ",0%,United States,Seattle
E00203,Julia Doan,Business Partner,Human Resources,Speciality Products,Female,Asian,53,"$46,727 ",0%,United States,Columbus
E00647,Dylan Ali,Sr. Manger,Human Resources,Speciality Products,Male,Asian,27,"$133,400 ",11%,United States,Phoenix
E03296,Eloise Trinh,Solutions Architect,IT,Speciality Products,Female,Asian,39,"$90,535 ",0%,United States,Miami
E00647,Emily Gupta,HRIS Analyst,Human Resources,Corporate,Female,Asian,44,"$63,705 ",0%,United States,Miami
E02522,Silas Rivera,Vice President,Sales,Corporate,Male,Latino,48,"$258,081 ",30%,United States,Chicago
E00459,Jackson Jordan,Business Partner,Human Resources,Research & Development,Male,Black,48,"$54,654 ",0%,United States,Phoenix
E03007,Isaac Joseph,Analyst,Sales,Manufacturing,Male,Caucasian,54,"$58,006 ",0%,United States,Seattle
E00952,Leilani Thao,Director,Human Resources,Speciality Products,Female,Asian,38,"$198,562 ",22%,United States,Seattle
E03863,Madeline Watson,Account Representative,Sales,Research & Development,Female,Black,40,"$62,411 ",0%,United States,Miami
E02710,Silas Huang,Engineering Manager,Engineering,Research & Development,Male,Asian,57,"$111,299 ",12%,United States,Miami
E01895,Peyton Walker,Analyst,Marketing,Research & Development,Female,Caucasian,43,"$41,545 ",0%,United States,Miami
E01339,Jeremiah Hernandez,Network Engineer,IT,Manufacturing,Male,Latino,26,"$74,467 ",0%,United States,Columbus
E02938,Jace Washington,Manager,Accounting,Research & Development,Male,Caucasian,44,"$117,545 ",6%,United States,Phoenix
E03379,Landon Kim,Manager,Human Resources,Speciality Products,Male,Asian,50,"$117,226 ",8%,United States,Phoenix
E02153,Peyton Vasquez,Analyst,Accounting,Corporate,Female,Latino,26,"$55,767 ",0%,United States,Phoenix
E00994,Charlotte Baker,Analyst II,Sales,Manufacturing,Female,Caucasian,29,"$60,930 ",0%,United States,Austin
E00869,Nova Lin,Cloud Infrastructure Architect,IT,Manufacturing,Female,Asian,33,"$69,332 ",0%,United States,Columbus
E00538,Caleb Xiong,Sr. Account Representative,Sales,Corporate,Male,Asian,38,"$74,010 ",0%,United States,Chicago
E01415,Henry Green,Sr. Account Representative,Sales,Speciality Products,Male,Caucasian,32,"$96,598 ",0%,United States,Phoenix
E00717,Madelyn Chan,Manager,Sales,Speciality Products,Female,Asian,64,"$106,444 ",5%,United States,Phoenix
E00225,Angel Delgado,Director,Finance,Corporate,Male,Latino,31,"$156,931 ",28%,United States,Seattle
E04978,Peyton Harris,Enterprise Architect,IT,Research & Development,Female,Caucasian,45,"$64,505 ",0%,United States,Miami
E00880,Grace Carter,Sr. Manger,Human Resources,Speciality Products,Female,Black,25,"$155,080 ",10%,United States,Austin
E04335,Parker Allen,Sr. Analyst,Sales,Speciality Products,Male,Caucasian,31,"$81,828 ",0%,United States,Miami
E04089,Sebastian Fong,Sr. Manger,IT,Manufacturing,Male,Asian,46,"$136,716 ",12%,United States,Austin
E02059,Roman Munoz,Sr. Manger,Sales,Speciality Products,Male,Latino,54,"$122,644 ",12%,United States,Austin
E03894,Charlotte Chang,Manager,Sales,Research & Development,Female,Asian,50,"$106,428 ",7%,United States,Chicago
E03106,Xavier Davis,Vice President,Finance,Corporate,Male,Caucasian,36,"$238,236 ",31%,United States,Seattle
E01350,Natalie Carter,Director,Finance,Corporate,Female,Caucasian,64,"$153,253 ",24%,United States,Austin
E02900,Elena Richardson,Manager,Accounting,Manufacturing,Female,Caucasian,34,"$103,707 ",9%,United States,Columbus
E02202,Emilia Bailey,Vice President,Accounting,Speciality Products,Female,Caucasian,41,"$245,360 ",37%,United States,Austin
E02696,Ryan Lu,Development Engineer,Engineering,Speciality Products,Male,Asian,25,"$67,275 ",0%,United States,Columbus
E01722,Asher Huynh,Manager,IT,Manufacturing,Male,Asian,45,"$101,288 ",10%,United States,Phoenix
E00640,Paisley Bryant,Cloud Infrastructure Architect,IT,Manufacturing,Female,Black,37,"$91,400 ",0%,United States,Chicago
E03412,Joshua Martin,Sr. Manger,Human Resources,Research & Development,Male,Black,42,"$135,558 ",14%,United States,Phoenix
E00646,Charles Moore,Analyst,Accounting,Speciality Products,Male,Caucasian,49,"$56,878 ",0%,United States,Seattle
E03580,Maverick Medina,Analyst II,Sales,Manufacturing,Male,Latino,39,"$51,234 ",0%,United States,Seattle
E00446,Isaac Han,Vice President,Human Resources,Speciality Products,Male,Asian,31,"$230,025 ",34%,United States,Phoenix
E01749,Nathan Lee,Analyst,Accounting,Manufacturing,Male,Asian,29,"$58,703 ",0%,United States,Columbus
E01338,Jaxson Coleman,Manager,Finance,Manufacturing,Male,Caucasian,32,"$126,671 ",9%,United States,Miami
E03000,Hailey Hong,Account Representative,Sales,Research & Development,Female,Asian,33,"$56,405 ",0%,United States,Chicago
E02684,Aaron Maldonado,Analyst II,Finance,Manufacturing,Male,Latino,39,"$62,861 ",0%,United States,Seattle
E03168,Nora Le,Sr. Manger,IT,Manufacturing,Female,Asian,53,"$154,388 ",10%,United States,Seattle
E00758,Alice Roberts,Director,Human Resources,Manufacturing,Female,Caucasian,54,"$162,978 ",17%,United States,Miami
E03691,Colton Garcia,Solutions Architect,IT,Speciality Products,Male,Latino,55,"$80,170 ",0%,United States,Miami
E01488,Stella Lai,Sr. Analyst,Accounting,Manufacturing,Female,Asian,44,"$98,520 ",0%,United States,Miami
E04415,Leonardo Luong,Manager,Finance,Manufacturing,Male,Asian,52,"$116,527 ",7%,United States,Phoenix
E03278,Nicholas Wong,Director,Sales,Research & Development,Male,Asian,27,"$174,607 ",29%,United States,Columbus
E00282,Jeremiah Castillo,Analyst II,Accounting,Research & Development,Male,Latino,58,"$64,202 ",0%,United States,Columbus
E00559,Penelope Silva,Network Architect,IT,Speciality Products,Female,Latino,36,"$94,618 ",0%,United States,Columbus
E02558,Jose Richardson,Director,Marketing,Research & Development,Male,Caucasian,26,"$151,556 ",20%,United States,Miami
E00956,Eleanor Chau,Development Engineer,Engineering,Research & Development,Female,Asian,37,"$80,659 ",0%,United States,Phoenix
E00126,Isabella Scott,Network Administrator,IT,Research & Development,Female,Caucasian,58,"$72,045 ",0%,United States,Phoenix
E00481,Jameson Nelson,Network Architect,IT,Research & Development,Male,Caucasian,61,"$96,566 ",0%,United States,Columbus
E02833,Adrian Fernandez,Systems Analyst,IT,Research & Development,Male,Latino,45,"$54,994 ",0%,United States,Columbus
E03902,Madison Hunter,Network Administrator,IT,Corporate,Female,Caucasian,40,"$61,523 ",0%,United States,Columbus
E02310,Jordan Phillips,Vice President,Human Resources,Corporate,Male,Black,45,"$190,512 ",32%,United States,Columbus
E00836,Wesley King,Manager,Accounting,Manufacturing,Male,Caucasian,57,"$101,577 ",5%,United States,Chicago
E00682,Sofia Fernandez,Manager,Accounting,Manufacturing,Female,Latino,44,"$105,223 ",10%,United States,Phoenix
E00287,Maverick Figueroa,IT Systems Architect,IT,Corporate,Male,Latino,48,"$94,815 ",0%,United States,Chicago
E04598,Violet Garcia,Sr. Analyst,Marketing,Speciality Products,Female,Latino,35,"$80,622 ",0%,United States,Austin
E03247,Aaliyah Mai,Vice President,IT,Speciality Products,Female,Asian,57,"$246,589 ",33%,United States,Phoenix
E00156,Madelyn Scott,Sr. Manger,IT,Research & Development,Female,Caucasian,46,"$148,035 ",14%,United States,Phoenix
E03349,Dylan Chin,Director,Finance,Corporate,Male,Asian,60,"$158,898 ",18%,United States,Miami
E00005,Riley Washington,Director,Sales,Speciality Products,Female,Caucasian,39,"$171,487 ",23%,United States,Phoenix
E04354,Raelynn Rios,Vice President,Sales,Manufacturing,Female,Latino,43,"$258,498 ",35%,United States,Columbus
E01578,Anthony Hong,Sr. Manger,IT,Research & Development,Male,Asian,37,"$146,961 ",11%,United States,Columbus
E03058,Robert Wright,Technical Architect,IT,Manufacturing,Male,Caucasian,30,"$67,489 ",0%,United States,Chicago
E04762,Audrey Richardson,Director,IT,Manufacturing,Female,Caucasian,46,"$166,259 ",17%,United States,Chicago
E01148,Scarlett Kumar,Systems Analyst,IT,Corporate,Female,Asian,55,"$47,032 ",0%,United States,Columbus
E03094,Wesley Young,Sr. Analyst,Marketing,Speciality Products,Male,Caucasian,33,"$98,427 ",0%,United States,Columbus
E04398,Oliver Yang,Director,Marketing,Speciality Products,Male,Asian,31,"$176,710 ",15%,United States,Miami
